{
  "appId": "edu.ub.appsae",
  "appName": "AppSae",
  "webDir": "www",
  "npmClient": "npm",
  "plugins": {
  "PushNotifications": {
    "presentationOptions": ["badge", "sound", "alert"]
    }
  },
  "cordova": {
    "preferences": {
      "ScrollEnabled": "false",
      "android-minSdkVersion": "19",
      "BackupWebStorage": "none",
      "SplashMaintainAspectRatio": "true",
      "FadeSplashScreenDuration": "300",
      "SplashShowOnlyFirstTime": "false",
      "SplashScreen": "screen",
      "SplashScreenDelay": "1000"
    }
  }
  
}
